case_id,note_id,vendor,model
26,3371,OpenAI,gpt-4o
26,3372,OpenAI,gpt-4o
26,3377,OpenAI,gpt-4o
26,3379,OpenAI,gpt-4o
26,3386,OpenAI,gpt-4o
26,3375,OpenAI,gpt-4o
26,3380,OpenAI,gpt-4o
26,3381,OpenAI,gpt-4o
26,3383,OpenAI,gpt-4o
26,3384,OpenAI,gpt-4o
26,3376,OpenAI,gpt-4o
26,4530,OpenAI,gpt-4o
26,4531,OpenAI,gpt-4o
26,4532,OpenAI,gpt-4o
26,4533,OpenAI,gpt-4o
26,3388,OpenAI,gpt-4o
26,4528,OpenAI,gpt-4o
26,4529,OpenAI,gpt-4o
26,4534,OpenAI,gpt-4o
26,4535,OpenAI,gpt-4o
29,3374,OpenAI,gpt-4o
29,3378,OpenAI,gpt-4o
29,3396,OpenAI,gpt-4o
29,3438,OpenAI,gpt-4o
29,4550,OpenAI,gpt-4o
29,3373,OpenAI,gpt-4o
29,3385,OpenAI,gpt-4o
29,3414,OpenAI,gpt-4o
29,3449,OpenAI,gpt-4o
29,4544,OpenAI,gpt-4o
29,3389,OpenAI,gpt-4o
29,3391,OpenAI,gpt-4o
29,4545,OpenAI,gpt-4o
29,4547,OpenAI,gpt-4o
29,4548,OpenAI,gpt-4o
29,3382,OpenAI,gpt-4o
29,3392,OpenAI,gpt-4o
29,3394,OpenAI,gpt-4o
29,4549,OpenAI,gpt-4o
29,4551,OpenAI,gpt-4o
30,3443,OpenAI,gpt-4o
30,3445,OpenAI,gpt-4o
30,3472,OpenAI,gpt-4o
30,3476,OpenAI,gpt-4o
30,3479,OpenAI,gpt-4o
30,3454,OpenAI,gpt-4o
30,3463,OpenAI,gpt-4o
30,3465,OpenAI,gpt-4o
30,3466,OpenAI,gpt-4o
30,3470,OpenAI,gpt-4o
30,3395,OpenAI,gpt-4o
30,3397,OpenAI,gpt-4o
30,3399,OpenAI,gpt-4o
30,3402,OpenAI,gpt-4o
30,3412,OpenAI,gpt-4o
30,3398,OpenAI,gpt-4o
30,3400,OpenAI,gpt-4o
30,3403,OpenAI,gpt-4o
30,3415,OpenAI,gpt-4o
30,4546,OpenAI,gpt-4o
31,3495,OpenAI,gpt-4o
31,3508,OpenAI,gpt-4o
31,3528,OpenAI,gpt-4o
31,3544,OpenAI,gpt-4o
31,3545,OpenAI,gpt-4o
31,3473,OpenAI,gpt-4o
31,3506,OpenAI,gpt-4o
31,3525,OpenAI,gpt-4o
31,3540,OpenAI,gpt-4o
31,3553,OpenAI,gpt-4o
31,3433,OpenAI,gpt-4o
31,3435,OpenAI,gpt-4o
31,3439,OpenAI,gpt-4o
31,3440,OpenAI,gpt-4o
31,3442,OpenAI,gpt-4o
31,3427,OpenAI,gpt-4o
31,3428,OpenAI,gpt-4o
31,3430,OpenAI,gpt-4o
31,3437,OpenAI,gpt-4o
31,3447,OpenAI,gpt-4o
32,3572,OpenAI,gpt-4o
32,3594,OpenAI,gpt-4o
32,3596,OpenAI,gpt-4o
32,3601,OpenAI,gpt-4o
32,3628,OpenAI,gpt-4o
32,3555,OpenAI,gpt-4o
32,3556,OpenAI,gpt-4o
32,3558,OpenAI,gpt-4o
32,3570,OpenAI,gpt-4o
32,3592,OpenAI,gpt-4o
32,3446,OpenAI,gpt-4o
32,3452,OpenAI,gpt-4o
32,3455,OpenAI,gpt-4o
32,3490,OpenAI,gpt-4o
32,3497,OpenAI,gpt-4o
32,3450,OpenAI,gpt-4o
32,3460,OpenAI,gpt-4o
32,3461,OpenAI,gpt-4o
32,3482,OpenAI,gpt-4o
32,3491,OpenAI,gpt-4o
37,3867,OpenAI,gpt-4o
37,3875,OpenAI,gpt-4o
37,3888,OpenAI,gpt-4o
37,4552,OpenAI,gpt-4o
37,4553,OpenAI,gpt-4o
37,3865,OpenAI,gpt-4o
37,3866,OpenAI,gpt-4o
37,3869,OpenAI,gpt-4o
37,3884,OpenAI,gpt-4o
37,4554,OpenAI,gpt-4o
37,3874,OpenAI,gpt-4o
37,3877,OpenAI,gpt-4o
37,3878,OpenAI,gpt-4o
37,4555,OpenAI,gpt-4o
37,4556,OpenAI,gpt-4o
37,3876,OpenAI,gpt-4o
37,3880,OpenAI,gpt-4o
37,3886,OpenAI,gpt-4o
37,3887,OpenAI,gpt-4o
37,3889,OpenAI,gpt-4o
38,3868,OpenAI,gpt-4o
38,3873,OpenAI,gpt-4o
38,3883,OpenAI,gpt-4o
38,3891,OpenAI,gpt-4o
38,3892,OpenAI,gpt-4o
38,3870,OpenAI,gpt-4o
38,3879,OpenAI,gpt-4o
38,3890,OpenAI,gpt-4o
38,3894,OpenAI,gpt-4o
38,4557,OpenAI,gpt-4o
38,3872,OpenAI,gpt-4o
38,3882,OpenAI,gpt-4o
38,3895,OpenAI,gpt-4o
38,3896,OpenAI,gpt-4o
38,4558,OpenAI,gpt-4o
38,3871,OpenAI,gpt-4o
38,3881,OpenAI,gpt-4o
38,3885,OpenAI,gpt-4o
38,3899,OpenAI,gpt-4o
38,3900,OpenAI,gpt-4o
39,3932,OpenAI,gpt-4o
39,3933,OpenAI,gpt-4o
39,3935,OpenAI,gpt-4o
39,3937,OpenAI,gpt-4o
39,3938,OpenAI,gpt-4o
39,3911,OpenAI,gpt-4o
39,3912,OpenAI,gpt-4o
39,3914,OpenAI,gpt-4o
39,3916,OpenAI,gpt-4o
39,3919,OpenAI,gpt-4o
39,3893,OpenAI,gpt-4o
39,3907,OpenAI,gpt-4o
39,3909,OpenAI,gpt-4o
39,3910,OpenAI,gpt-4o
39,3913,OpenAI,gpt-4o
39,3901,OpenAI,gpt-4o
39,3902,OpenAI,gpt-4o
39,3903,OpenAI,gpt-4o
39,3904,OpenAI,gpt-4o
39,3905,OpenAI,gpt-4o
40,3940,OpenAI,gpt-4o
40,3945,OpenAI,gpt-4o
40,3950,OpenAI,gpt-4o
40,3967,OpenAI,gpt-4o
40,3969,OpenAI,gpt-4o
40,3920,OpenAI,gpt-4o
40,3922,OpenAI,gpt-4o
40,3925,OpenAI,gpt-4o
40,3951,OpenAI,gpt-4o
40,3956,OpenAI,gpt-4o
40,3915,OpenAI,gpt-4o
40,3917,OpenAI,gpt-4o
40,3918,OpenAI,gpt-4o
40,3921,OpenAI,gpt-4o
40,3930,OpenAI,gpt-4o
40,3906,OpenAI,gpt-4o
40,3923,OpenAI,gpt-4o
40,3924,OpenAI,gpt-4o
40,3926,OpenAI,gpt-4o
40,3927,OpenAI,gpt-4o
41,3971,OpenAI,gpt-4o
41,3972,OpenAI,gpt-4o
41,3976,OpenAI,gpt-4o
41,3978,OpenAI,gpt-4o
41,3981,OpenAI,gpt-4o
41,3957,OpenAI,gpt-4o
41,3959,OpenAI,gpt-4o
41,3960,OpenAI,gpt-4o
41,3961,OpenAI,gpt-4o
41,3962,OpenAI,gpt-4o
41,3936,OpenAI,gpt-4o
41,3939,OpenAI,gpt-4o
41,3941,OpenAI,gpt-4o
41,3942,OpenAI,gpt-4o
41,3943,OpenAI,gpt-4o
41,3928,OpenAI,gpt-4o
41,3929,OpenAI,gpt-4o
41,3931,OpenAI,gpt-4o
41,3946,OpenAI,gpt-4o
41,3949,OpenAI,gpt-4o
43,3985,OpenAI,gpt-4o
43,3990,OpenAI,gpt-4o
43,4000,OpenAI,gpt-4o
43,4042,OpenAI,gpt-4o
43,4046,OpenAI,gpt-4o
43,3963,OpenAI,gpt-4o
43,3975,OpenAI,gpt-4o
43,3982,OpenAI,gpt-4o
43,3993,OpenAI,gpt-4o
43,3994,OpenAI,gpt-4o
43,3947,OpenAI,gpt-4o
43,3948,OpenAI,gpt-4o
43,3952,OpenAI,gpt-4o
43,3974,OpenAI,gpt-4o
43,3977,OpenAI,gpt-4o
43,3953,OpenAI,gpt-4o
43,3958,OpenAI,gpt-4o
43,3964,OpenAI,gpt-4o
43,3965,OpenAI,gpt-4o
43,3966,OpenAI,gpt-4o
58,4054,OpenAI,gpt-4o
58,4119,OpenAI,gpt-4o
58,4124,OpenAI,gpt-4o
58,4129,OpenAI,gpt-4o
58,4163,OpenAI,gpt-4o
58,4001,OpenAI,gpt-4o
58,4048,OpenAI,gpt-4o
58,4059,OpenAI,gpt-4o
58,4070,OpenAI,gpt-4o
58,4090,OpenAI,gpt-4o
58,3979,OpenAI,gpt-4o
58,3980,OpenAI,gpt-4o
58,3984,OpenAI,gpt-4o
58,3997,OpenAI,gpt-4o
58,3998,OpenAI,gpt-4o
58,3968,OpenAI,gpt-4o
58,3973,OpenAI,gpt-4o
58,3988,OpenAI,gpt-4o
58,3989,OpenAI,gpt-4o
58,3991,OpenAI,gpt-4o
59,4167,OpenAI,gpt-4o
59,4168,OpenAI,gpt-4o
59,4169,OpenAI,gpt-4o
59,4189,OpenAI,gpt-4o
59,4190,OpenAI,gpt-4o
59,4095,OpenAI,gpt-4o
59,4113,OpenAI,gpt-4o
59,4118,OpenAI,gpt-4o
59,4120,OpenAI,gpt-4o
59,4126,OpenAI,gpt-4o
59,3999,OpenAI,gpt-4o
59,4043,OpenAI,gpt-4o
59,4044,OpenAI,gpt-4o
59,4047,OpenAI,gpt-4o
59,4049,OpenAI,gpt-4o
59,3992,OpenAI,gpt-4o
59,3996,OpenAI,gpt-4o
59,4002,OpenAI,gpt-4o
59,4035,OpenAI,gpt-4o
59,4036,OpenAI,gpt-4o
62,4199,OpenAI,gpt-4o
62,4200,OpenAI,gpt-4o
62,4203,OpenAI,gpt-4o
62,4206,OpenAI,gpt-4o
62,4215,OpenAI,gpt-4o
62,4130,OpenAI,gpt-4o
62,4137,OpenAI,gpt-4o
62,4141,OpenAI,gpt-4o
62,4148,OpenAI,gpt-4o
62,4149,OpenAI,gpt-4o
62,4051,OpenAI,gpt-4o
62,4052,OpenAI,gpt-4o
62,4064,OpenAI,gpt-4o
62,4073,OpenAI,gpt-4o
62,4085,OpenAI,gpt-4o
62,4037,OpenAI,gpt-4o
62,4038,OpenAI,gpt-4o
62,4039,OpenAI,gpt-4o
62,4041,OpenAI,gpt-4o
62,4045,OpenAI,gpt-4o
63,4219,OpenAI,gpt-4o
63,4225,OpenAI,gpt-4o
63,4227,OpenAI,gpt-4o
63,4229,OpenAI,gpt-4o
63,4230,OpenAI,gpt-4o
63,4151,OpenAI,gpt-4o
63,4154,OpenAI,gpt-4o
63,4156,OpenAI,gpt-4o
63,4157,OpenAI,gpt-4o
63,4166,OpenAI,gpt-4o
63,4087,OpenAI,gpt-4o
63,4088,OpenAI,gpt-4o
63,4091,OpenAI,gpt-4o
63,4108,OpenAI,gpt-4o
63,4110,OpenAI,gpt-4o
63,4050,OpenAI,gpt-4o
63,4057,OpenAI,gpt-4o
63,4058,OpenAI,gpt-4o
63,4060,OpenAI,gpt-4o
63,4061,OpenAI,gpt-4o
64,4008,OpenAI,gpt-4o
64,4018,OpenAI,gpt-4o
64,4022,OpenAI,gpt-4o
64,4028,OpenAI,gpt-4o
64,4031,OpenAI,gpt-4o
64,4013,OpenAI,gpt-4o
64,4017,OpenAI,gpt-4o
64,4023,OpenAI,gpt-4o
64,4026,OpenAI,gpt-4o
64,4027,OpenAI,gpt-4o
64,4003,OpenAI,gpt-4o
64,4004,OpenAI,gpt-4o
64,4009,OpenAI,gpt-4o
64,4012,OpenAI,gpt-4o
64,4020,OpenAI,gpt-4o
64,4011,OpenAI,gpt-4o
64,4019,OpenAI,gpt-4o
64,4021,OpenAI,gpt-4o
64,4032,OpenAI,gpt-4o
64,4559,OpenAI,gpt-4o
65,4010,OpenAI,gpt-4o
65,4014,OpenAI,gpt-4o
65,4015,OpenAI,gpt-4o
65,4071,OpenAI,gpt-4o
65,4074,OpenAI,gpt-4o
65,4007,OpenAI,gpt-4o
65,4025,OpenAI,gpt-4o
65,4029,OpenAI,gpt-4o
65,4075,OpenAI,gpt-4o
65,4080,OpenAI,gpt-4o
65,4005,OpenAI,gpt-4o
65,4006,OpenAI,gpt-4o
65,4024,OpenAI,gpt-4o
65,4055,OpenAI,gpt-4o
65,4067,OpenAI,gpt-4o
65,4016,OpenAI,gpt-4o
65,4030,OpenAI,gpt-4o
65,4033,OpenAI,gpt-4o
65,4034,OpenAI,gpt-4o
65,4053,OpenAI,gpt-4o
67,4096,OpenAI,gpt-4o
67,4097,OpenAI,gpt-4o
67,4102,OpenAI,gpt-4o
67,4104,OpenAI,gpt-4o
67,4105,OpenAI,gpt-4o
67,4081,OpenAI,gpt-4o
67,4083,OpenAI,gpt-4o
67,4084,OpenAI,gpt-4o
67,4086,OpenAI,gpt-4o
67,4089,OpenAI,gpt-4o
67,4072,OpenAI,gpt-4o
67,4076,OpenAI,gpt-4o
67,4077,OpenAI,gpt-4o
67,4078,OpenAI,gpt-4o
67,4079,OpenAI,gpt-4o
67,4056,OpenAI,gpt-4o
67,4062,OpenAI,gpt-4o
67,4063,OpenAI,gpt-4o
67,4065,OpenAI,gpt-4o
67,4066,OpenAI,gpt-4o
68,4116,OpenAI,gpt-4o
68,4127,OpenAI,gpt-4o
68,4131,OpenAI,gpt-4o
68,4132,OpenAI,gpt-4o
68,4133,OpenAI,gpt-4o
68,4094,OpenAI,gpt-4o
68,4121,OpenAI,gpt-4o
68,4122,OpenAI,gpt-4o
68,4123,OpenAI,gpt-4o
68,4128,OpenAI,gpt-4o
68,4093,OpenAI,gpt-4o
68,4107,OpenAI,gpt-4o
68,4109,OpenAI,gpt-4o
68,4111,OpenAI,gpt-4o
68,4112,OpenAI,gpt-4o
68,4068,OpenAI,gpt-4o
68,4069,OpenAI,gpt-4o
68,4092,OpenAI,gpt-4o
68,4098,OpenAI,gpt-4o
68,4099,OpenAI,gpt-4o
69,4134,OpenAI,gpt-4o
69,4135,OpenAI,gpt-4o
69,4136,OpenAI,gpt-4o
69,4175,OpenAI,gpt-4o
69,4176,OpenAI,gpt-4o
69,4138,OpenAI,gpt-4o
69,4139,OpenAI,gpt-4o
69,4140,OpenAI,gpt-4o
69,4165,OpenAI,gpt-4o
69,4177,OpenAI,gpt-4o
69,4114,OpenAI,gpt-4o
69,4115,OpenAI,gpt-4o
69,4117,OpenAI,gpt-4o
69,4152,OpenAI,gpt-4o
69,4153,OpenAI,gpt-4o
69,4100,OpenAI,gpt-4o
69,4101,OpenAI,gpt-4o
69,4106,OpenAI,gpt-4o
69,4125,OpenAI,gpt-4o
69,4142,OpenAI,gpt-4o
70,4181,OpenAI,gpt-4o
70,4196,OpenAI,gpt-4o
70,4201,OpenAI,gpt-4o
70,4204,OpenAI,gpt-4o
70,4209,OpenAI,gpt-4o
70,4178,OpenAI,gpt-4o
70,4180,OpenAI,gpt-4o
70,4183,OpenAI,gpt-4o
70,4184,OpenAI,gpt-4o
70,4186,OpenAI,gpt-4o
70,4155,OpenAI,gpt-4o
70,4158,OpenAI,gpt-4o
70,4160,OpenAI,gpt-4o
70,4161,OpenAI,gpt-4o
70,4162,OpenAI,gpt-4o
70,4143,OpenAI,gpt-4o
70,4144,OpenAI,gpt-4o
70,4145,OpenAI,gpt-4o
70,4146,OpenAI,gpt-4o
70,4147,OpenAI,gpt-4o
71,4210,OpenAI,gpt-4o
71,4211,OpenAI,gpt-4o
71,4222,OpenAI,gpt-4o
71,4223,OpenAI,gpt-4o
71,4240,OpenAI,gpt-4o
71,4188,OpenAI,gpt-4o
71,4212,OpenAI,gpt-4o
71,4214,OpenAI,gpt-4o
71,4217,OpenAI,gpt-4o
71,4218,OpenAI,gpt-4o
71,4179,OpenAI,gpt-4o
71,4182,OpenAI,gpt-4o
71,4187,OpenAI,gpt-4o
71,4191,OpenAI,gpt-4o
71,4194,OpenAI,gpt-4o
71,4150,OpenAI,gpt-4o
71,4159,OpenAI,gpt-4o
71,4164,OpenAI,gpt-4o
71,4170,OpenAI,gpt-4o
71,4171,OpenAI,gpt-4o
72,4243,OpenAI,gpt-4o
72,4245,OpenAI,gpt-4o
72,4248,OpenAI,gpt-4o
72,4254,OpenAI,gpt-4o
72,4258,OpenAI,gpt-4o
72,4232,OpenAI,gpt-4o
72,4234,OpenAI,gpt-4o
72,4236,OpenAI,gpt-4o
72,4239,OpenAI,gpt-4o
72,4249,OpenAI,gpt-4o
72,4195,OpenAI,gpt-4o
72,4197,OpenAI,gpt-4o
72,4202,OpenAI,gpt-4o
72,4220,OpenAI,gpt-4o
72,4221,OpenAI,gpt-4o
72,4172,OpenAI,gpt-4o
72,4173,OpenAI,gpt-4o
72,4174,OpenAI,gpt-4o
72,4185,OpenAI,gpt-4o
72,4192,OpenAI,gpt-4o
76,4259,OpenAI,gpt-4o
76,4260,OpenAI,gpt-4o
76,4261,OpenAI,gpt-4o
76,4263,OpenAI,gpt-4o
76,4264,OpenAI,gpt-4o
76,4250,OpenAI,gpt-4o
76,4251,OpenAI,gpt-4o
76,4252,OpenAI,gpt-4o
76,4253,OpenAI,gpt-4o
76,4255,OpenAI,gpt-4o
76,4224,OpenAI,gpt-4o
76,4226,OpenAI,gpt-4o
76,4231,OpenAI,gpt-4o
76,4233,OpenAI,gpt-4o
76,4235,OpenAI,gpt-4o
76,4193,OpenAI,gpt-4o
76,4198,OpenAI,gpt-4o
76,4205,OpenAI,gpt-4o
76,4207,OpenAI,gpt-4o
76,4208,OpenAI,gpt-4o
79,4265,OpenAI,gpt-4o
79,4267,OpenAI,gpt-4o
79,4269,OpenAI,gpt-4o
79,4270,OpenAI,gpt-4o
79,4271,OpenAI,gpt-4o
79,4256,OpenAI,gpt-4o
79,4257,OpenAI,gpt-4o
79,4262,OpenAI,gpt-4o
79,4266,OpenAI,gpt-4o
79,4268,OpenAI,gpt-4o
79,4241,OpenAI,gpt-4o
79,4242,OpenAI,gpt-4o
79,4244,OpenAI,gpt-4o
79,4246,OpenAI,gpt-4o
79,4247,OpenAI,gpt-4o
79,4213,OpenAI,gpt-4o
79,4216,OpenAI,gpt-4o
79,4228,OpenAI,gpt-4o
79,4237,OpenAI,gpt-4o
79,4238,OpenAI,gpt-4o
80,4273,OpenAI,gpt-4o
80,4275,OpenAI,gpt-4o
80,4276,OpenAI,gpt-4o
80,4280,OpenAI,gpt-4o
80,4560,OpenAI,gpt-4o
80,4285,OpenAI,gpt-4o
80,4290,OpenAI,gpt-4o
80,4291,OpenAI,gpt-4o
80,4293,OpenAI,gpt-4o
80,4296,OpenAI,gpt-4o
80,4278,OpenAI,gpt-4o
80,4283,OpenAI,gpt-4o
80,4287,OpenAI,gpt-4o
80,4294,OpenAI,gpt-4o
80,4295,OpenAI,gpt-4o
80,4277,OpenAI,gpt-4o
80,4279,OpenAI,gpt-4o
80,4282,OpenAI,gpt-4o
80,4288,OpenAI,gpt-4o
80,4289,OpenAI,gpt-4o
81,4272,OpenAI,gpt-4o
81,4274,OpenAI,gpt-4o
81,4286,OpenAI,gpt-4o
81,4298,OpenAI,gpt-4o
81,4311,OpenAI,gpt-4o
81,4299,OpenAI,gpt-4o
81,4301,OpenAI,gpt-4o
81,4561,OpenAI,gpt-4o
81,4562,OpenAI,gpt-4o
81,4563,OpenAI,gpt-4o
81,4284,OpenAI,gpt-4o
81,4302,OpenAI,gpt-4o
81,4303,OpenAI,gpt-4o
81,4564,OpenAI,gpt-4o
81,4565,OpenAI,gpt-4o
81,4281,OpenAI,gpt-4o
81,4292,OpenAI,gpt-4o
81,4297,OpenAI,gpt-4o
81,4304,OpenAI,gpt-4o
81,4566,OpenAI,gpt-4o
83,4310,OpenAI,gpt-4o
83,4312,OpenAI,gpt-4o
83,4314,OpenAI,gpt-4o
83,4363,OpenAI,gpt-4o
83,4364,OpenAI,gpt-4o
83,4300,OpenAI,gpt-4o
83,4315,OpenAI,gpt-4o
83,4316,OpenAI,gpt-4o
83,4368,OpenAI,gpt-4o
83,4374,OpenAI,gpt-4o
83,4305,OpenAI,gpt-4o
83,4308,OpenAI,gpt-4o
83,4309,OpenAI,gpt-4o
83,4317,OpenAI,gpt-4o
83,4324,OpenAI,gpt-4o
83,4306,OpenAI,gpt-4o
83,4307,OpenAI,gpt-4o
83,4313,OpenAI,gpt-4o
83,4330,OpenAI,gpt-4o
83,4353,OpenAI,gpt-4o
85,4371,OpenAI,gpt-4o
85,4373,OpenAI,gpt-4o
85,4390,OpenAI,gpt-4o
85,4393,OpenAI,gpt-4o
85,4396,OpenAI,gpt-4o
85,4375,OpenAI,gpt-4o
85,4384,OpenAI,gpt-4o
85,4385,OpenAI,gpt-4o
85,4389,OpenAI,gpt-4o
85,4391,OpenAI,gpt-4o
85,4343,OpenAI,gpt-4o
85,4359,OpenAI,gpt-4o
85,4360,OpenAI,gpt-4o
85,4361,OpenAI,gpt-4o
85,4365,OpenAI,gpt-4o
85,4354,OpenAI,gpt-4o
85,4355,OpenAI,gpt-4o
85,4356,OpenAI,gpt-4o
85,4357,OpenAI,gpt-4o
85,4358,OpenAI,gpt-4o
86,4397,OpenAI,gpt-4o
86,4422,OpenAI,gpt-4o
86,4428,OpenAI,gpt-4o
86,4436,OpenAI,gpt-4o
86,4437,OpenAI,gpt-4o
86,4402,OpenAI,gpt-4o
86,4426,OpenAI,gpt-4o
86,4433,OpenAI,gpt-4o
86,4435,OpenAI,gpt-4o
86,4438,OpenAI,gpt-4o
86,4366,OpenAI,gpt-4o
86,4367,OpenAI,gpt-4o
86,4369,OpenAI,gpt-4o
86,4392,OpenAI,gpt-4o
86,4395,OpenAI,gpt-4o
86,4362,OpenAI,gpt-4o
86,4370,OpenAI,gpt-4o
86,4372,OpenAI,gpt-4o
86,4377,OpenAI,gpt-4o
86,4378,OpenAI,gpt-4o
88,4448,OpenAI,gpt-4o
88,4451,OpenAI,gpt-4o
88,4453,OpenAI,gpt-4o
88,4454,OpenAI,gpt-4o
88,4455,OpenAI,gpt-4o
88,4439,OpenAI,gpt-4o
88,4440,OpenAI,gpt-4o
88,4452,OpenAI,gpt-4o
88,4459,OpenAI,gpt-4o
88,4462,OpenAI,gpt-4o
88,4398,OpenAI,gpt-4o
88,4412,OpenAI,gpt-4o
88,4413,OpenAI,gpt-4o
88,4414,OpenAI,gpt-4o
88,4417,OpenAI,gpt-4o
88,4379,OpenAI,gpt-4o
88,4383,OpenAI,gpt-4o
88,4394,OpenAI,gpt-4o
88,4401,OpenAI,gpt-4o
88,4404,OpenAI,gpt-4o
90,4460,OpenAI,gpt-4o
90,4463,OpenAI,gpt-4o
90,4470,OpenAI,gpt-4o
90,4492,OpenAI,gpt-4o
90,4493,OpenAI,gpt-4o
90,4464,OpenAI,gpt-4o
90,4465,OpenAI,gpt-4o
90,4469,OpenAI,gpt-4o
90,4473,OpenAI,gpt-4o
90,4475,OpenAI,gpt-4o
90,4424,OpenAI,gpt-4o
90,4427,OpenAI,gpt-4o
90,4432,OpenAI,gpt-4o
90,4443,OpenAI,gpt-4o
90,4444,OpenAI,gpt-4o
90,4410,OpenAI,gpt-4o
90,4415,OpenAI,gpt-4o
90,4418,OpenAI,gpt-4o
90,4429,OpenAI,gpt-4o
90,4430,OpenAI,gpt-4o
92,4495,OpenAI,gpt-4o
92,4496,OpenAI,gpt-4o
92,4497,OpenAI,gpt-4o
92,4500,OpenAI,gpt-4o
92,4502,OpenAI,gpt-4o
92,4486,OpenAI,gpt-4o
92,4489,OpenAI,gpt-4o
92,4490,OpenAI,gpt-4o
92,4491,OpenAI,gpt-4o
92,4494,OpenAI,gpt-4o
92,4445,OpenAI,gpt-4o
92,4446,OpenAI,gpt-4o
92,4447,OpenAI,gpt-4o
92,4449,OpenAI,gpt-4o
92,4456,OpenAI,gpt-4o
92,4431,OpenAI,gpt-4o
92,4434,OpenAI,gpt-4o
92,4441,OpenAI,gpt-4o
92,4442,OpenAI,gpt-4o
92,4450,OpenAI,gpt-4o
94,4503,OpenAI,gpt-4o
94,4511,OpenAI,gpt-4o
94,4512,OpenAI,gpt-4o
94,4513,OpenAI,gpt-4o
94,4514,OpenAI,gpt-4o
94,4498,OpenAI,gpt-4o
94,4499,OpenAI,gpt-4o
94,4501,OpenAI,gpt-4o
94,4504,OpenAI,gpt-4o
94,4505,OpenAI,gpt-4o
94,4457,OpenAI,gpt-4o
94,4468,OpenAI,gpt-4o
94,4472,OpenAI,gpt-4o
94,4474,OpenAI,gpt-4o
94,4479,OpenAI,gpt-4o
94,4461,OpenAI,gpt-4o
94,4466,OpenAI,gpt-4o
94,4467,OpenAI,gpt-4o
94,4471,OpenAI,gpt-4o
94,4476,OpenAI,gpt-4o
95,4515,OpenAI,gpt-4o
95,4516,OpenAI,gpt-4o
95,4517,OpenAI,gpt-4o
95,4518,OpenAI,gpt-4o
95,4519,OpenAI,gpt-4o
95,4506,OpenAI,gpt-4o
95,4507,OpenAI,gpt-4o
95,4508,OpenAI,gpt-4o
95,4509,OpenAI,gpt-4o
95,4510,OpenAI,gpt-4o
95,4480,OpenAI,gpt-4o
95,4481,OpenAI,gpt-4o
95,4485,OpenAI,gpt-4o
95,4487,OpenAI,gpt-4o
95,4488,OpenAI,gpt-4o
95,4477,OpenAI,gpt-4o
95,4478,OpenAI,gpt-4o
95,4482,OpenAI,gpt-4o
95,4483,OpenAI,gpt-4o
95,4484,OpenAI,gpt-4o
96,4322,OpenAI,gpt-4o
96,4326,OpenAI,gpt-4o
96,4335,OpenAI,gpt-4o
96,4340,OpenAI,gpt-4o
96,4341,OpenAI,gpt-4o
96,4319,OpenAI,gpt-4o
96,4320,OpenAI,gpt-4o
96,4328,OpenAI,gpt-4o
96,4338,OpenAI,gpt-4o
96,4573,OpenAI,gpt-4o
96,4327,OpenAI,gpt-4o
96,4331,OpenAI,gpt-4o
96,4333,OpenAI,gpt-4o
96,4342,OpenAI,gpt-4o
96,4574,OpenAI,gpt-4o
96,4323,OpenAI,gpt-4o
96,4329,OpenAI,gpt-4o
96,4334,OpenAI,gpt-4o
96,4344,OpenAI,gpt-4o
96,4346,OpenAI,gpt-4o
98,4325,OpenAI,gpt-4o
98,4337,OpenAI,gpt-4o
98,4348,OpenAI,gpt-4o
98,4403,OpenAI,gpt-4o
98,4568,OpenAI,gpt-4o
98,4318,OpenAI,gpt-4o
98,4321,OpenAI,gpt-4o
98,4347,OpenAI,gpt-4o
98,4350,OpenAI,gpt-4o
98,4399,OpenAI,gpt-4o
98,4339,OpenAI,gpt-4o
98,4349,OpenAI,gpt-4o
98,4352,OpenAI,gpt-4o
98,4567,OpenAI,gpt-4o
98,4572,OpenAI,gpt-4o
98,4332,OpenAI,gpt-4o
98,4336,OpenAI,gpt-4o
98,4345,OpenAI,gpt-4o
98,4376,OpenAI,gpt-4o
98,4380,OpenAI,gpt-4o
99,4406,OpenAI,gpt-4o
99,4409,OpenAI,gpt-4o
99,4411,OpenAI,gpt-4o
99,4416,OpenAI,gpt-4o
99,4458,OpenAI,gpt-4o
99,4400,OpenAI,gpt-4o
99,4405,OpenAI,gpt-4o
99,4408,OpenAI,gpt-4o
99,4419,OpenAI,gpt-4o
99,4425,OpenAI,gpt-4o
99,4351,OpenAI,gpt-4o
99,4386,OpenAI,gpt-4o
99,4387,OpenAI,gpt-4o
99,4388,OpenAI,gpt-4o
99,4407,OpenAI,gpt-4o
99,4381,OpenAI,gpt-4o
99,4382,OpenAI,gpt-4o
99,4420,OpenAI,gpt-4o
99,4421,OpenAI,gpt-4o
99,4423,OpenAI,gpt-4o
102,3283,OpenAI,gpt-4o
102,3286,OpenAI,gpt-4o
102,3287,OpenAI,gpt-4o
102,3290,OpenAI,gpt-4o
102,3293,OpenAI,gpt-4o
102,3282,OpenAI,gpt-4o
102,3285,OpenAI,gpt-4o
102,3291,OpenAI,gpt-4o
102,4570,OpenAI,gpt-4o
102,4571,OpenAI,gpt-4o
102,3284,OpenAI,gpt-4o
102,3292,OpenAI,gpt-4o
102,3296,OpenAI,gpt-4o
102,3297,OpenAI,gpt-4o
102,3299,OpenAI,gpt-4o
102,3288,OpenAI,gpt-4o
102,3289,OpenAI,gpt-4o
102,3294,OpenAI,gpt-4o
102,3295,OpenAI,gpt-4o
102,3298,OpenAI,gpt-4o
103,3308,OpenAI,gpt-4o
103,3313,OpenAI,gpt-4o
103,3323,OpenAI,gpt-4o
103,3324,OpenAI,gpt-4o
103,4569,OpenAI,gpt-4o
103,3300,OpenAI,gpt-4o
103,3306,OpenAI,gpt-4o
103,3309,OpenAI,gpt-4o
103,3317,OpenAI,gpt-4o
103,4575,OpenAI,gpt-4o
103,3302,OpenAI,gpt-4o
103,3305,OpenAI,gpt-4o
103,3310,OpenAI,gpt-4o
103,4576,OpenAI,gpt-4o
103,4577,OpenAI,gpt-4o
103,3311,OpenAI,gpt-4o
103,3314,OpenAI,gpt-4o
103,3325,OpenAI,gpt-4o
103,4578,OpenAI,gpt-4o
103,4579,OpenAI,gpt-4o
104,3307,OpenAI,gpt-4o
104,3329,OpenAI,gpt-4o
104,3413,OpenAI,gpt-4o
104,4580,OpenAI,gpt-4o
104,4581,OpenAI,gpt-4o
104,3315,OpenAI,gpt-4o
104,3321,OpenAI,gpt-4o
104,3327,OpenAI,gpt-4o
104,3330,OpenAI,gpt-4o
104,4582,OpenAI,gpt-4o
104,3301,OpenAI,gpt-4o
104,3303,OpenAI,gpt-4o
104,3326,OpenAI,gpt-4o
104,3328,OpenAI,gpt-4o
104,4583,OpenAI,gpt-4o
104,3316,OpenAI,gpt-4o
104,3318,OpenAI,gpt-4o
104,3322,OpenAI,gpt-4o
104,3364,OpenAI,gpt-4o
104,3365,OpenAI,gpt-4o
105,3416,OpenAI,gpt-4o
105,3432,OpenAI,gpt-4o
105,3441,OpenAI,gpt-4o
105,3458,OpenAI,gpt-4o
105,3459,OpenAI,gpt-4o
105,3368,OpenAI,gpt-4o
105,3370,OpenAI,gpt-4o
105,3393,OpenAI,gpt-4o
105,3404,OpenAI,gpt-4o
105,3417,OpenAI,gpt-4o
105,3331,OpenAI,gpt-4o
105,3367,OpenAI,gpt-4o
105,3419,OpenAI,gpt-4o
105,3420,OpenAI,gpt-4o
105,3421,OpenAI,gpt-4o
105,3366,OpenAI,gpt-4o
105,3369,OpenAI,gpt-4o
105,3408,OpenAI,gpt-4o
105,3409,OpenAI,gpt-4o
105,3410,OpenAI,gpt-4o
106,3477,OpenAI,gpt-4o
106,3501,OpenAI,gpt-4o
106,3566,OpenAI,gpt-4o
106,3586,OpenAI,gpt-4o
106,3593,OpenAI,gpt-4o
106,3444,OpenAI,gpt-4o
106,3448,OpenAI,gpt-4o
106,3507,OpenAI,gpt-4o
106,3514,OpenAI,gpt-4o
106,3521,OpenAI,gpt-4o
106,3426,OpenAI,gpt-4o
106,3431,OpenAI,gpt-4o
106,3436,OpenAI,gpt-4o
106,3480,OpenAI,gpt-4o
106,3481,OpenAI,gpt-4o
106,3411,OpenAI,gpt-4o
106,3422,OpenAI,gpt-4o
106,3429,OpenAI,gpt-4o
106,3456,OpenAI,gpt-4o
106,3469,OpenAI,gpt-4o
107,3607,OpenAI,gpt-4o
107,3646,OpenAI,gpt-4o
107,3654,OpenAI,gpt-4o
107,3658,OpenAI,gpt-4o
107,3679,OpenAI,gpt-4o
107,3522,OpenAI,gpt-4o
107,3535,OpenAI,gpt-4o
107,3552,OpenAI,gpt-4o
107,3561,OpenAI,gpt-4o
107,3562,OpenAI,gpt-4o
107,3484,OpenAI,gpt-4o
107,3511,OpenAI,gpt-4o
107,3527,OpenAI,gpt-4o
107,3539,OpenAI,gpt-4o
107,3541,OpenAI,gpt-4o
107,3474,OpenAI,gpt-4o
107,3492,OpenAI,gpt-4o
107,3494,OpenAI,gpt-4o
107,3509,OpenAI,gpt-4o
107,3517,OpenAI,gpt-4o
108,3699,OpenAI,gpt-4o
108,3728,OpenAI,gpt-4o
108,3739,OpenAI,gpt-4o
108,3767,OpenAI,gpt-4o
108,3777,OpenAI,gpt-4o
108,3575,OpenAI,gpt-4o
108,3587,OpenAI,gpt-4o
108,3648,OpenAI,gpt-4o
108,3655,OpenAI,gpt-4o
108,3663,OpenAI,gpt-4o
108,3554,OpenAI,gpt-4o
108,3571,OpenAI,gpt-4o
108,3584,OpenAI,gpt-4o
108,3591,OpenAI,gpt-4o
108,3603,OpenAI,gpt-4o
108,3524,OpenAI,gpt-4o
108,3536,OpenAI,gpt-4o
108,3551,OpenAI,gpt-4o
108,3563,OpenAI,gpt-4o
108,3573,OpenAI,gpt-4o
109,3784,OpenAI,gpt-4o
109,3787,OpenAI,gpt-4o
109,3788,OpenAI,gpt-4o
109,3798,OpenAI,gpt-4o
109,3801,OpenAI,gpt-4o
109,3664,OpenAI,gpt-4o
109,3683,OpenAI,gpt-4o
109,3693,OpenAI,gpt-4o
109,3724,OpenAI,gpt-4o
109,3731,OpenAI,gpt-4o
109,3604,OpenAI,gpt-4o
109,3608,OpenAI,gpt-4o
109,3609,OpenAI,gpt-4o
109,3636,OpenAI,gpt-4o
109,3637,OpenAI,gpt-4o
109,3576,OpenAI,gpt-4o
109,3585,OpenAI,gpt-4o
109,3598,OpenAI,gpt-4o
109,3602,OpenAI,gpt-4o
109,3611,OpenAI,gpt-4o
110,3802,OpenAI,gpt-4o
110,3808,OpenAI,gpt-4o
110,3814,OpenAI,gpt-4o
110,3821,OpenAI,gpt-4o
110,3824,OpenAI,gpt-4o
110,3734,OpenAI,gpt-4o
110,3735,OpenAI,gpt-4o
110,3743,OpenAI,gpt-4o
110,3745,OpenAI,gpt-4o
110,3746,OpenAI,gpt-4o
110,3638,OpenAI,gpt-4o
110,3640,OpenAI,gpt-4o
110,3643,OpenAI,gpt-4o
110,3659,OpenAI,gpt-4o
110,3662,OpenAI,gpt-4o
110,3615,OpenAI,gpt-4o
110,3617,OpenAI,gpt-4o
110,3623,OpenAI,gpt-4o
110,3626,OpenAI,gpt-4o
110,3629,OpenAI,gpt-4o
112,3828,OpenAI,gpt-4o
112,3834,OpenAI,gpt-4o
112,3838,OpenAI,gpt-4o
112,3839,OpenAI,gpt-4o
112,3841,OpenAI,gpt-4o
112,3755,OpenAI,gpt-4o
112,3756,OpenAI,gpt-4o
112,3763,OpenAI,gpt-4o
112,3775,OpenAI,gpt-4o
112,3778,OpenAI,gpt-4o
112,3670,OpenAI,gpt-4o
112,3682,OpenAI,gpt-4o
112,3686,OpenAI,gpt-4o
112,3690,OpenAI,gpt-4o
112,3691,OpenAI,gpt-4o
112,3631,OpenAI,gpt-4o
112,3639,OpenAI,gpt-4o
112,3674,OpenAI,gpt-4o
112,3676,OpenAI,gpt-4o
112,3692,OpenAI,gpt-4o
113,3842,OpenAI,gpt-4o
113,3843,OpenAI,gpt-4o
113,3845,OpenAI,gpt-4o
113,3852,OpenAI,gpt-4o
113,3857,OpenAI,gpt-4o
113,3780,OpenAI,gpt-4o
113,3783,OpenAI,gpt-4o
113,3796,OpenAI,gpt-4o
113,3800,OpenAI,gpt-4o
113,3806,OpenAI,gpt-4o
113,3706,OpenAI,gpt-4o
113,3710,OpenAI,gpt-4o
113,3727,OpenAI,gpt-4o
113,3732,OpenAI,gpt-4o
113,3741,OpenAI,gpt-4o
113,3708,OpenAI,gpt-4o
113,3712,OpenAI,gpt-4o
113,3720,OpenAI,gpt-4o
113,3723,OpenAI,gpt-4o
113,3725,OpenAI,gpt-4o
114,3348,OpenAI,gpt-4o
114,3349,OpenAI,gpt-4o
114,3350,OpenAI,gpt-4o
114,3356,OpenAI,gpt-4o
114,3363,OpenAI,gpt-4o
114,3333,OpenAI,gpt-4o
114,3334,OpenAI,gpt-4o
114,3335,OpenAI,gpt-4o
114,3338,OpenAI,gpt-4o
114,3352,OpenAI,gpt-4o
114,3332,OpenAI,gpt-4o
114,3339,OpenAI,gpt-4o
114,3342,OpenAI,gpt-4o
114,3344,OpenAI,gpt-4o
114,3361,OpenAI,gpt-4o
114,3336,OpenAI,gpt-4o
114,3340,OpenAI,gpt-4o
114,3346,OpenAI,gpt-4o
114,3351,OpenAI,gpt-4o
114,3359,OpenAI,gpt-4o
115,3343,OpenAI,gpt-4o
115,3355,OpenAI,gpt-4o
115,3358,OpenAI,gpt-4o
115,3488,OpenAI,gpt-4o
115,3489,OpenAI,gpt-4o
115,3337,OpenAI,gpt-4o
115,3341,OpenAI,gpt-4o
115,3347,OpenAI,gpt-4o
115,3425,OpenAI,gpt-4o
115,4584,OpenAI,gpt-4o
115,3353,OpenAI,gpt-4o
115,3354,OpenAI,gpt-4o
115,3362,OpenAI,gpt-4o
115,3423,OpenAI,gpt-4o
115,4585,OpenAI,gpt-4o
115,3345,OpenAI,gpt-4o
115,3357,OpenAI,gpt-4o
115,3360,OpenAI,gpt-4o
115,3405,OpenAI,gpt-4o
115,3406,OpenAI,gpt-4o
116,3496,OpenAI,gpt-4o
116,3519,OpenAI,gpt-4o
116,3543,OpenAI,gpt-4o
116,3616,OpenAI,gpt-4o
116,3647,OpenAI,gpt-4o
116,3451,OpenAI,gpt-4o
116,3475,OpenAI,gpt-4o
116,3483,OpenAI,gpt-4o
116,3537,OpenAI,gpt-4o
116,3538,OpenAI,gpt-4o
116,3424,OpenAI,gpt-4o
116,3453,OpenAI,gpt-4o
116,3462,OpenAI,gpt-4o
116,3464,OpenAI,gpt-4o
116,3471,OpenAI,gpt-4o
116,3407,OpenAI,gpt-4o
116,3434,OpenAI,gpt-4o
116,3457,OpenAI,gpt-4o
116,3467,OpenAI,gpt-4o
116,3468,OpenAI,gpt-4o
117,3669,OpenAI,gpt-4o
117,3697,OpenAI,gpt-4o
117,3702,OpenAI,gpt-4o
117,3717,OpenAI,gpt-4o
117,3722,OpenAI,gpt-4o
117,3557,OpenAI,gpt-4o
117,3559,OpenAI,gpt-4o
117,3582,OpenAI,gpt-4o
117,3588,OpenAI,gpt-4o
117,3633,OpenAI,gpt-4o
117,3487,OpenAI,gpt-4o
117,3499,OpenAI,gpt-4o
117,3502,OpenAI,gpt-4o
117,3520,OpenAI,gpt-4o
117,3529,OpenAI,gpt-4o
117,3478,OpenAI,gpt-4o
117,3485,OpenAI,gpt-4o
117,3486,OpenAI,gpt-4o
117,3498,OpenAI,gpt-4o
117,3500,OpenAI,gpt-4o
118,3729,OpenAI,gpt-4o
118,3730,OpenAI,gpt-4o
118,3757,OpenAI,gpt-4o
118,3760,OpenAI,gpt-4o
118,3762,OpenAI,gpt-4o
118,3641,OpenAI,gpt-4o
118,3707,OpenAI,gpt-4o
118,3711,OpenAI,gpt-4o
118,3718,OpenAI,gpt-4o
118,3736,OpenAI,gpt-4o
118,3530,OpenAI,gpt-4o
118,3534,OpenAI,gpt-4o
118,3542,OpenAI,gpt-4o
118,3568,OpenAI,gpt-4o
118,3577,OpenAI,gpt-4o
118,3518,OpenAI,gpt-4o
118,3523,OpenAI,gpt-4o
118,3526,OpenAI,gpt-4o
118,3549,OpenAI,gpt-4o
118,3550,OpenAI,gpt-4o
120,3782,OpenAI,gpt-4o
120,3785,OpenAI,gpt-4o
120,3786,OpenAI,gpt-4o
120,3789,OpenAI,gpt-4o
120,3815,OpenAI,gpt-4o
120,3749,OpenAI,gpt-4o
120,3758,OpenAI,gpt-4o
120,3761,OpenAI,gpt-4o
120,3764,OpenAI,gpt-4o
120,3766,OpenAI,gpt-4o
120,3578,OpenAI,gpt-4o
120,3580,OpenAI,gpt-4o
120,3610,OpenAI,gpt-4o
120,3613,OpenAI,gpt-4o
120,3619,OpenAI,gpt-4o
120,3565,OpenAI,gpt-4o
120,3583,OpenAI,gpt-4o
120,3589,OpenAI,gpt-4o
120,3590,OpenAI,gpt-4o
120,3612,OpenAI,gpt-4o
121,3819,OpenAI,gpt-4o
121,3826,OpenAI,gpt-4o
121,3831,OpenAI,gpt-4o
121,3835,OpenAI,gpt-4o
121,3836,OpenAI,gpt-4o
121,3791,OpenAI,gpt-4o
121,3795,OpenAI,gpt-4o
121,3797,OpenAI,gpt-4o
121,3816,OpenAI,gpt-4o
121,3817,OpenAI,gpt-4o
121,3635,OpenAI,gpt-4o
121,3650,OpenAI,gpt-4o
121,3651,OpenAI,gpt-4o
121,3656,OpenAI,gpt-4o
121,3657,OpenAI,gpt-4o
121,3614,OpenAI,gpt-4o
121,3624,OpenAI,gpt-4o
121,3625,OpenAI,gpt-4o
121,3632,OpenAI,gpt-4o
121,3644,OpenAI,gpt-4o
122,3844,OpenAI,gpt-4o
122,3847,OpenAI,gpt-4o
122,3848,OpenAI,gpt-4o
122,3851,OpenAI,gpt-4o
122,3855,OpenAI,gpt-4o
122,3818,OpenAI,gpt-4o
122,3820,OpenAI,gpt-4o
122,3822,OpenAI,gpt-4o
122,3829,OpenAI,gpt-4o
122,3850,OpenAI,gpt-4o
122,3675,OpenAI,gpt-4o
122,3680,OpenAI,gpt-4o
122,3685,OpenAI,gpt-4o
122,3688,OpenAI,gpt-4o
122,3696,OpenAI,gpt-4o
122,3645,OpenAI,gpt-4o
122,3653,OpenAI,gpt-4o
122,3672,OpenAI,gpt-4o
122,3681,OpenAI,gpt-4o
122,3687,OpenAI,gpt-4o
124,3859,OpenAI,gpt-4o
124,3861,OpenAI,gpt-4o
124,3863,OpenAI,gpt-4o
124,3897,OpenAI,gpt-4o
124,3898,OpenAI,gpt-4o
124,3862,OpenAI,gpt-4o
124,3864,OpenAI,gpt-4o
124,3944,OpenAI,gpt-4o
124,3954,OpenAI,gpt-4o
124,3955,OpenAI,gpt-4o
124,3698,OpenAI,gpt-4o
124,3705,OpenAI,gpt-4o
124,3733,OpenAI,gpt-4o
124,3773,OpenAI,gpt-4o
124,3776,OpenAI,gpt-4o
124,3716,OpenAI,gpt-4o
124,3752,OpenAI,gpt-4o
124,3754,OpenAI,gpt-4o
124,3759,OpenAI,gpt-4o
124,3774,OpenAI,gpt-4o
131,3908,OpenAI,gpt-4o
131,3934,OpenAI,gpt-4o
131,3986,OpenAI,gpt-4o
131,3987,OpenAI,gpt-4o
131,3995,OpenAI,gpt-4o
131,3970,OpenAI,gpt-4o
131,3983,OpenAI,gpt-4o
131,4040,OpenAI,gpt-4o
131,4082,OpenAI,gpt-4o
131,4103,OpenAI,gpt-4o
131,3799,OpenAI,gpt-4o
131,3803,OpenAI,gpt-4o
131,3809,OpenAI,gpt-4o
131,3812,OpenAI,gpt-4o
131,3825,OpenAI,gpt-4o
131,3779,OpenAI,gpt-4o
131,3781,OpenAI,gpt-4o
131,3790,OpenAI,gpt-4o
131,3792,OpenAI,gpt-4o
131,3794,OpenAI,gpt-4o
134,3630,OpenAI,gpt-4o
134,3642,OpenAI,gpt-4o
134,3649,OpenAI,gpt-4o
134,3665,OpenAI,gpt-4o
134,3671,OpenAI,gpt-4o
134,3606,OpenAI,gpt-4o
134,3618,OpenAI,gpt-4o
134,3621,OpenAI,gpt-4o
134,3622,OpenAI,gpt-4o
134,3627,OpenAI,gpt-4o
134,3504,OpenAI,gpt-4o
134,3510,OpenAI,gpt-4o
134,3512,OpenAI,gpt-4o
134,3513,OpenAI,gpt-4o
134,3516,OpenAI,gpt-4o
134,3493,OpenAI,gpt-4o
134,3503,OpenAI,gpt-4o
134,3505,OpenAI,gpt-4o
134,3515,OpenAI,gpt-4o
134,3531,OpenAI,gpt-4o
141,3677,OpenAI,gpt-4o
141,3678,OpenAI,gpt-4o
141,3700,OpenAI,gpt-4o
141,3737,OpenAI,gpt-4o
141,3738,OpenAI,gpt-4o
141,3634,OpenAI,gpt-4o
141,3666,OpenAI,gpt-4o
141,3668,OpenAI,gpt-4o
141,3701,OpenAI,gpt-4o
141,3715,OpenAI,gpt-4o
141,3532,OpenAI,gpt-4o
141,3548,OpenAI,gpt-4o
141,3560,OpenAI,gpt-4o
141,3569,OpenAI,gpt-4o
141,3581,OpenAI,gpt-4o
141,3533,OpenAI,gpt-4o
141,3546,OpenAI,gpt-4o
141,3547,OpenAI,gpt-4o
141,3564,OpenAI,gpt-4o
141,3567,OpenAI,gpt-4o
142,3753,OpenAI,gpt-4o
142,3771,OpenAI,gpt-4o
142,3772,OpenAI,gpt-4o
142,3823,OpenAI,gpt-4o
142,3832,OpenAI,gpt-4o
142,3721,OpenAI,gpt-4o
142,3740,OpenAI,gpt-4o
142,3742,OpenAI,gpt-4o
142,3744,OpenAI,gpt-4o
142,3769,OpenAI,gpt-4o
142,3600,OpenAI,gpt-4o
142,3605,OpenAI,gpt-4o
142,3620,OpenAI,gpt-4o
142,3689,OpenAI,gpt-4o
142,3694,OpenAI,gpt-4o
142,3574,OpenAI,gpt-4o
142,3579,OpenAI,gpt-4o
142,3595,OpenAI,gpt-4o
142,3597,OpenAI,gpt-4o
142,3599,OpenAI,gpt-4o
144,3833,OpenAI,gpt-4o
144,3837,OpenAI,gpt-4o
144,3840,OpenAI,gpt-4o
144,3846,OpenAI,gpt-4o
144,3849,OpenAI,gpt-4o
144,3768,OpenAI,gpt-4o
144,3793,OpenAI,gpt-4o
144,3804,OpenAI,gpt-4o
144,3805,OpenAI,gpt-4o
144,3807,OpenAI,gpt-4o
144,3704,OpenAI,gpt-4o
144,3714,OpenAI,gpt-4o
144,3719,OpenAI,gpt-4o
144,3726,OpenAI,gpt-4o
144,3747,OpenAI,gpt-4o
144,3652,OpenAI,gpt-4o
144,3660,OpenAI,gpt-4o
144,3661,OpenAI,gpt-4o
144,3667,OpenAI,gpt-4o
144,3673,OpenAI,gpt-4o
145,3853,OpenAI,gpt-4o
145,3854,OpenAI,gpt-4o
145,3856,OpenAI,gpt-4o
145,3858,OpenAI,gpt-4o
145,3860,OpenAI,gpt-4o
145,3810,OpenAI,gpt-4o
145,3811,OpenAI,gpt-4o
145,3813,OpenAI,gpt-4o
145,3827,OpenAI,gpt-4o
145,3830,OpenAI,gpt-4o
145,3748,OpenAI,gpt-4o
145,3750,OpenAI,gpt-4o
145,3751,OpenAI,gpt-4o
145,3765,OpenAI,gpt-4o
145,3770,OpenAI,gpt-4o
145,3684,OpenAI,gpt-4o
145,3695,OpenAI,gpt-4o
145,3703,OpenAI,gpt-4o
145,3709,OpenAI,gpt-4o
145,3713,OpenAI,gpt-4o
